<?xml version="1.0" encoding="UTF-8"?>
<suite name="Suite">
	<listeners>
		<listener
			class-name="com.ediig.testcases.listener.TestCasesReportGenerator" />
	</listeners>
	<test thread-count="1" name="Test" group-by-instances="true">

		<classes>

		 <class name="com.ediig.testcases.LoginTest" />

	     <class name="com.ediig.testcases.SaleCalenderTest" />
			
			<class name="com.ediig.testcases.ContactusTest"/> 
			
				<!-- <class name="com.ediig.testcases.AllLiveEventsTest"/>  -->
				
				<!-- <class name="com.ediig.testcases.MyquotesTest" />  -->
				
				<class name="com.ediig.testcases.MyLiveEventsTest"/> 
				
			<!-- 	<class name="com.ediig.testcases.MywatchListTest"/> -->

			<!-- <class name="com.ediig.testcases.PaymentTest" /> -->




			<!-- <class name="com.ediig.testcases.MyLiveEventsTest"/> -->

			<!-- <class name="com.ediig.testcases.MywatchListTest"/> -->
			<!-- <class name="com.ediig.testcases.MyquotesTest" /> -->
			<!-- <class name="com.ediig.testcases.PaymentTest" /> -->
			<!-- <class name="com.ediig.testcases.ContactusTest"/> -->


		</classes>

	</test> <!-- Test -->
</suite> <!-- Suite -->

